Workbook
Name Namen: Stammdaten!$B$2:$B$13

Sheet Auswertung
K1: =SUM(K3:K14) -> 0 | L1: =SUM(L3:L14) -> 0 | M1: =SUM(M3:M14) -> 0 | N1: =SUM(N3:N14) -> 0 | O1: =SUM(O3:O14) -> 0 | P1: =SUM(P3:P14) -> 0 | Q1: =SUM(Q3:Q14) -> 0 | R1: =SUM(R3:R14) -> 0 | ... T1: =SUM(T3:T14) -> 0
A2: AnonID | B2: Name | C2: Beschreibung | D2: Aufdecken | E2: Lösung | F2: Person 4/Person 10 | G2: Person 11/Person 1 | H2: Person 5/Person 12 | I2: Person 6/Person 13 | J2: 2*Person 14/Person 7 | K2: Person 4/Person 10 | L2: Person 11/Person 1 | M2: Person 5/Person 12 | N2: Person 6/Person 13 | O2: 2*Person 14/Person 7 | P2: Person 4/Person 10 | Q2: Person 11/Person 1 | R2: Person 5/Person 12 | S2: Person 6/Person 13 | T2: 2*Person 14/Person 7
A3: 1 | B3: Person 1 | C3: Hobbys umfassen Zweiradfahren und Ballsport, gelegentlich Zuschauen bei Sportveranstaltungen. Bevorzugt bestimmte alkoholische Getränke, andere werden weniger gut vertragen. Langjährige Betriebszugehörigkeit beim aktuellen Arbeitgeber. Hat Schwierigkeiten bei Entscheidungen zwischen mehreren gleichwertigen Optionen. Elternteil mit Kindern unterschiedlicher Begabungen. | E3: =IF(D3="x",Stammdaten!B2,"") | K3: =IF($E3<>"",IF($E3=F3,1,0),0) -> 0 | L3: =IF($E3<>"",IF($E3=G3,1,0),0) -> 0 | M3: =IF($E3<>"",IF($E3=H3,1,0),0) -> 0 | N3: =IF($E3<>"",IF($E3=I3,1,0),0) -> 0 | O3: =IF($E3<>"",IF($E3=J3,1,0),0) -> 0 | P3: =IF(OR($E3="Person 4",$E3="Person 10"),0,K3) -> 0 | Q3: =IF(OR($E3="Person 11",$E3="Person 1"),0,L3) -> 0 | R3: =IF(OR($E3="Person 5",$E3="Person 12"),0,M3) -> 0 | S3: =IF(OR($E3="Person 6",$E3="Person 9"),0,N3) -> 0 | T3: =IF(OR($E3="Person 8",$E3="Person 3",E3="Person 7"),0,O3) -> 0
A4: 2 | B4: Person 2 | C4: Hobbys sind Radfahren und Wandern, kombiniert gerne beides im Urlaub. Neugierig und offen für neue Themen. Hat Familie mit Kindern. Ernährte sich eine längere Zeit vegetarisch. Fährt umweltfreundliches Fahrzeug und kauft nachhaltig produzierte Kleidung. | E4: =IF(D4="x",Stammdaten!B3,"") | K4: =IF($E4<>"",IF($E4=F4,1,0),0) -> 0 | L4: =IF($E4<>"",IF($E4=G4,1,0),0) -> 0 | M4: =IF($E4<>"",IF($E4=H4,1,0),0) -> 0 | N4: =IF($E4<>"",IF($E4=I4,1,0),0) -> 0 | O4: =IF($E4<>"",IF($E4=J4,1,0),0) -> 0 | P4: =IF(OR($E4="Person 4",$E4="Person 10"),0,K4) -> 0 | Q4: =IF(OR($E4="Person 11",$E4="Person 1"),0,L4) -> 0 | R4: =IF(OR($E4="Person 5",$E4="Person 12"),0,M4) -> 0 | S4: =IF(OR($E4="Person 6",$E4="Person 9"),0,N4) -> 0 | T4: =IF(OR($E4="Person 8",$E4="Person 3",E4="Person 7"),0,O4) -> 0
A5: 3 | B5: Person 3 | C5: Betreibt verschiedene Hobbys wie Teamsport einmal wöchentlich. Unternimmt gerne längere Radtouren. Spielt gelegentlich Golf mit Familienmitgliedern. Aktuell viel mit handwerklichen Projekten beschäftigt. Fährt ein mittelklassiges Fahrzeug und besitzt ein älteres Zweirad. | E5: =IF(D5="x",Stammdaten!B4,"") | K5: =IF($E5<>"",IF($E5=F5,1,0),0) -> 0 | L5: =IF($E5<>"",IF($E5=G5,1,0),0) -> 0 | M5: =IF($E5<>"",IF($E5=H5,1,0),0) -> 0 | N5: =IF($E5<>"",IF($E5=I5,1,0),0) -> 0 | O5: =IF($E5<>"",IF($E5=J5,1,0),0) -> 0 | P5: =IF(OR($E5="Person 4",$E5="Person 10"),0,K5) -> 0 | Q5: =IF(OR($E5="Person 11",$E5="Person 1"),0,L5) -> 0 | R5: =IF(OR($E5="Person 5",$E5="Person 12"),0,M5) -> 0 | S5: =IF(OR($E5="Person 6",$E5="Person 9"),0,N5) -> 0 | T5: =IF(OR($E5="Person 8",$E5="Person 3",E5="Person 7"),0,O5) -> 0
A6: 4 | B6: Person 4 | C6: Wohnt seit mehreren Jahren in einer Großstadt und arbeitet seit einigen Jahren im aktuellen Bereich. In der Freizeit Interesse an Unterhaltungsmedien, Gaming und Naturaktivitäten. Hat Vorlieben für bestimmte internationale Speisen und Getränke. Beschäftigt sich mit aktuellen Internet-Theorien. | E6: =IF(D6="x",Stammdaten!B5,"") | K6: =IF($E6<>"",IF($E6=F6,1,0),0) -> 0 | L6: =IF($E6<>"",IF($E6=G6,1,0),0) -> 0 | M6: =IF($E6<>"",IF($E6=H6,1,0),0) -> 0 | N6: =IF($E6<>"",IF($E6=I6,1,0),0) -> 0 | O6: =IF($E6<>"",IF($E6=J6,1,0),0) -> 0 | P6: =IF(OR($E6="Person 4",$E6="Person 10"),0,K6) -> 0 | Q6: =IF(OR($E6="Person 11",$E6="Person 1"),0,L6) -> 0 | R6: =IF(OR($E6="Person 5",$E6="Person 12"),0,M6) -> 0 | S6: =IF(OR($E6="Person 6",$E6="Person 9"),0,N6) -> 0 | T6: =IF(OR($E6="Person 8",$E6="Person 3",E6="Person 7"),0,O6) -> 0
A7: 5 | B7: Person 5 | C7: Hat mehrere Berufsausbildungen absolviert und arbeitet in einem anderen Tätigkeitsfeld als ursprünglich gelernt. Persönliche Weiterentwicklung in Bezug auf emotionale Reaktionen. Elternteil von schulpflichtigen Kindern. Vielseitig sportlich aktiv mit Ausdauer- und Beweglichkeitssportarten. Wintersportaktivitäten zusammen mit den Kindern. | E7: =IF(D7="x",Stammdaten!B6,"") | K7: =IF($E7<>"",IF($E7=F7,1,0),0) -> 0 | L7: =IF($E7<>"",IF($E7=G7,1,0),0) -> 0 | M7: =IF($E7<>"",IF($E7=H7,1,0),0) -> 0 | N7: =IF($E7<>"",IF($E7=I7,1,0),0) -> 0 | O7: =IF($E7<>"",IF($E7=J7,1,0),0) -> 0 | P7: =IF(OR($E7="Person 4",$E7="Person 10"),0,K7) -> 0 | Q7: =IF(OR($E7="Person 11",$E7="Person 1"),0,L7) -> 0 | R7: =IF(OR($E7="Person 5",$E7="Person 12"),0,M7) -> 0 | S7: =IF(OR($E7="Person 6",$E7="Person 9"),0,N7) -> 0 | T7: =IF(OR($E7="Person 8",$E7="Person 3",E7="Person 7"),0,O7) -> 0
A8: 6 | B8: Person 6 | C8: Naturverbunden und gerne draußen aktiv. Leidenschaftlicher Radsportler mit verschiedenen Fahrradtypen. Reist gerne und hat Interesse am Kochen. Probiert regelmäßig neue Rezepte aus. | E8: =IF(D8="x",Stammdaten!B7,"") | K8: =IF($E8<>"",IF($E8=F8,1,0),0) -> 0 | L8: =IF($E8<>"",IF($E8=G8,1,0),0) -> 0 | M8: =IF($E8<>"",IF($E8=H8,1,0),0) -> 0 | N8: =IF($E8<>"",IF($E8=I8,1,0),0) -> 0 | O8: =IF($E8<>"",IF($E8=J8,1,0),0) -> 0 | P8: =IF(OR($E8="Person 4",$E8="Person 10"),0,K8) -> 0 | Q8: =IF(OR($E8="Person 11",$E8="Person 1"),0,L8) -> 0 | R8: =IF(OR($E8="Person 5",$E8="Person 12"),0,M8) -> 0 | S8: =IF(OR($E8="Person 6",$E8="Person 9"),0,N8) -> 0 | T8: =IF(OR($E8="Person 8",$E8="Person 3",E8="Person 7"),0,O8) -> 0
A9: 7 | B9: Person 7 | C9: Spielt gerne Mannschaftssport. Hat eine Vorliebe für eine bestimmte süße Speise. Fährt einen Kleinwagen. Wohnt in einer urbanen Umgebung. | E9: =IF(D9="x",Stammdaten!B8,"") | K9: =IF($E9<>"",IF($E9=F9,1,0),0) -> 0 | L9: =IF($E9<>"",IF($E9=G9,1,0),0) -> 0 | M9: =IF($E9<>"",IF($E9=H9,1,0),0) -> 0 | N9: =IF($E9<>"",IF($E9=I9,1,0),0) -> 0 | O9: =IF($E9<>"",IF($E9=J9,1,0),0) -> 0 | P9: =IF(OR($E9="Person 4",$E9="Person 10"),0,K9) -> 0 | Q9: =IF(OR($E9="Person 11",$E9="Person 1"),0,L9) -> 0 | R9: =IF(OR($E9="Person 5",$E9="Person 12"),0,M9) -> 0 | S9: =IF(OR($E9="Person 6",$E9="Person 9"),0,N9) -> 0 | T9: =IF(OR($E9="Person 8",$E9="Person 3",E9="Person 7"),0,O9) -> 0
A10: 8 | B10: Person 8 | C10: Freizeitaktivitäten umfassen Motorradfahren, Wintersport und Fitness. Benötigt beim Essen mehr Zeit als andere. Hat eine klare Meinung zu klassischen Fahrzeugmodellen. | E10: =IF(D10="x",Stammdaten!B9,"") | K10: =IF($E10<>"",IF($E10=F10,1,0),0) -> 0 | L10: =IF($E10<>"",IF($E10=G10,1,0),0) -> 0 | M10: =IF($E10<>"",IF($E10=H10,1,0),0) -> 0 | N10: =IF($E10<>"",IF($E10=I10,1,0),0) -> 0 | O10: =IF($E10<>"",IF($E10=J10,1,0),0) -> 0 | P10: =IF(OR($E10="Person 4",$E10="Person 10"),0,K10) -> 0 | Q10: =IF(OR($E10="Person 11",$E10="Person 1"),0,L10) -> 0 | R10: =IF(OR($E10="Person 5",$E10="Person 12"),0,M10) -> 0 | S10: =IF(OR($E10="Person 6",$E10="Person 9"),0,N10) -> 0 | T10: =IF(OR($E10="Person 8",$E10="Person 3",E10="Person 7"),0,O10) -> 0
A11: 9 | B11: Person 9 | C11: Reist gerne. Verheiratet mit zwei Kindern. Spielt gerne Ballsport. Interessiert sich für japanische Unterhaltungsmedien. Findet administrative Aufgaben wenig ansprechend. | E11: =IF(D11="x",Stammdaten!B10,"") | K11: =IF($E11<>"",IF($E11=F11,1,0),0) -> 0 | L11: =IF($E11<>"",IF($E11=G11,1,0),0) -> 0 | M11: =IF($E11<>"",IF($E11=H11,1,0),0) -> 0 | N11: =IF($E11<>"",IF($E11=I11,1,0),0) -> 0 | O11: =IF($E11<>"",IF($E11=J11,1,0),0) -> 0 | P11: =IF(OR($E11="Person 4",$E11="Person 10"),0,K11) -> 0 | Q11: =IF(OR($E11="Person 11",$E11="Person 1"),0,L11) -> 0 | R11: =IF(OR($E11="Person 5",$E11="Person 12"),0,M11) -> 0 | S11: =IF(OR($E11="Person 6",$E11="Person 9"),0,N11) -> 0 | T11: =IF(OR($E11="Person 8",$E11="Person 3",E11="Person 7"),0,O11) -> 0
A12: 10 | B12: Person 10 | C12: Backt gerne und stellt eigene Backwaren her. Fährt gerne Rad. Hat eine spezielle Organisationszuordnung im Arbeitskontext. Praktiziert regelmäßig Yoga. Hat Expertise in einem technischen Fachbereich. | E12: =IF(D12="x",Stammdaten!B11,"") | K12: =IF($E12<>"",IF($E12=F12,1,0),0) -> 0 | L12: =IF($E12<>"",IF($E12=G12,1,0),0) -> 0 | M12: =IF($E12<>"",IF($E12=H12,1,0),0) -> 0 | N12: =IF($E12<>"",IF($E12=I12,1,0),0) -> 0 | O12: =IF($E12<>"",IF($E12=J12,1,0),0) -> 0 | P12: =IF(OR($E12="Person 4",$E12="Person 10"),0,K12) -> 0 | Q12: =IF(OR($E12="Person 11",$E12="Person 1"),0,L12) -> 0 | R12: =IF(OR($E12="Person 5",$E12="Person 12"),0,M12) -> 0 | S12: =IF(OR($E12="Person 6",$E12="Person 9"),0,N12) -> 0 | T12: =IF(OR($E12="Person 8",$E12="Person 3",E12="Person 7"),0,O12) -> 0
A13: 11 | B13: Person 11 | C13: Besitzt ein mittelgroßes Fahrzeug. Hat zwei Kinder. Fährt gerne Fahrrad. Bevorzugt im Sommer leichte Kleidung. Urlaubsziele liegen bevorzugt im europäischen Raum. | E13: =IF(D13="x",Stammdaten!B12,"") | K13: =IF($E13<>"",IF($E13=F13,1,0),0) -> 0 | L13: =IF($E13<>"",IF($E13=G13,1,0),0) -> 0 | M13: =IF($E13<>"",IF($E13=H13,1,0),0) -> 0 | N13: =IF($E13<>"",IF($E13=I13,1,0),0) -> 0 | O13: =IF($E13<>"",IF($E13=J13,1,0),0) -> 0 | P13: =IF(OR($E13="Person 4",$E13="Person 10"),0,K13) -> 0 | Q13: =IF(OR($E13="Person 11",$E13="Person 1"),0,L13) -> 0 | R13: =IF(OR($E13="Person 5",$E13="Person 12"),0,M13) -> 0 | S13: =IF(OR($E13="Person 6",$E13="Person 9"),0,N13) -> 0 | T13: =IF(OR($E13="Person 8",$E13="Person 3",E13="Person 7"),0,O13) -> 0
A14: 12 | B14: Person 12 | C14: Kocht leidenschaftlich gerne, mag aber Aufräumarbeiten nicht. Hat mehrere favorisierte Fahrzeugmodelle aus verschiedenen Baureihen. Fotografiert gerne und ist viel unterwegs. Musikgeschmack umfasst elektronische und urbane Musikstile. War häufiger im Ausland als in heimischen Regionen. | E14: =IF(D14="x",Stammdaten!B13,"") | K14: =IF($E14<>"",IF($E14=F14,1,0),0) -> 0 | L14: =IF($E14<>"",IF($E14=G14,1,0),0) -> 0 | M14: =IF($E14<>"",IF($E14=H14,1,0),0) -> 0 | N14: =IF($E14<>"",IF($E14=I14,1,0),0) -> 0 | O14: =IF($E14<>"",IF($E14=J14,1,0),0) -> 0 | P14: =IF(OR($E14="Person 4",$E14="Person 10"),0,K14) -> 0 | Q14: =IF(OR($E14="Person 11",$E14="Person 1"),0,L14) -> 0 | R14: =IF(OR($E14="Person 5",$E14="Person 12"),0,M14) -> 0 | S14: =IF(OR($E14="Person 6",$E14="Person 9"),0,N14) -> 0 | T14: =IF(OR($E14="Person 8",$E14="Person 3",E14="Person 7"),0,O14) -> 0
K15: =SUM(K3:K14) -> 0 | L15: =SUM(L3:L14) -> 0 | M15: =SUM(M3:M14) -> 0 | N15: =SUM(N3:N14) -> 0 | O15: =SUM(O3:O14) -> 0 | P15: =SUM(P3:P14) -> 0 | Q15: =SUM(Q3:Q14) -> 0 | R15: =SUM(R3:R14) -> 0 | ... T15: =SUM(T3:T14) -> 0

Sheet Stammdaten
A1: AnonID | B1: Name | C1: Beschreibung
A2: 1 | B2: Person 1 | C2: Hobbys umfassen Zweiradfahren und Ballsport, gelegentlich Zuschauen bei Sportveranstaltungen. Bevorzugt bestimmte alkoholische Getränke, andere werden weniger gut vertragen. Langjährige Betriebszugehörigkeit beim aktuellen Arbeitgeber. Hat Schwierigkeiten bei Entscheidungen zwischen mehreren gleichwertigen Optionen. Elternteil mit Kindern unterschiedlicher Begabungen.
A3: 2 | B3: Person 2 | C3: Hobbys sind Radfahren und Wandern, kombiniert gerne beides im Urlaub. Neugierig und offen für neue Themen. Hat Familie mit Kindern. Ernährte sich eine längere Zeit vegetarisch. Fährt umweltfreundliches Fahrzeug und kauft nachhaltig produzierte Kleidung.
A4: 3 | B4: Person 3 | C4: Betreibt verschiedene Hobbys wie Teamsport einmal wöchentlich. Unternimmt gerne längere Radtouren. Spielt gelegentlich Golf mit Familienmitgliedern. Aktuell viel mit handwerklichen Projekten beschäftigt. Fährt ein mittelklassiges Fahrzeug und besitzt ein älteres Zweirad.
A5: 4 | B5: Person 4 | C5: Wohnt seit mehreren Jahren in einer Großstadt und arbeitet seit einigen Jahren im aktuellen Bereich. In der Freizeit Interesse an Unterhaltungsmedien, Gaming und Naturaktivitäten. Hat Vorlieben für bestimmte internationale Speisen und Getränke. Beschäftigt sich mit aktuellen Internet-Theorien.
A6: 5 | B6: Person 5 | C6: Hat mehrere Berufsausbildungen absolviert und arbeitet in einem anderen Tätigkeitsfeld als ursprünglich gelernt. Persönliche Weiterentwicklung in Bezug auf emotionale Reaktionen. Elternteil von schulpflichtigen Kindern. Vielseitig sportlich aktiv mit Ausdauer- und Beweglichkeitssportarten. Wintersportaktivitäten zusammen mit den Kindern.
A7: 6 | B7: Person 6 | C7: Naturverbunden und gerne draußen aktiv. Leidenschaftlicher Radsportler mit verschiedenen Fahrradtypen. Reist gerne und hat Interesse am Kochen. Probiert regelmäßig neue Rezepte aus.
A8: 7 | B8: Person 7 | C8: Spielt gerne Mannschaftssport. Hat eine Vorliebe für eine bestimmte süße Speise. Fährt einen Kleinwagen. Wohnt in einer urbanen Umgebung.
A9: 8 | B9: Person 8 | C9: Freizeitaktivitäten umfassen Motorradfahren, Wintersport und Fitness. Benötigt beim Essen mehr Zeit als andere. Hat eine klare Meinung zu klassischen Fahrzeugmodellen.
A10: 9 | B10: Person 9 | C10: Reist gerne. Verheiratet mit zwei Kindern. Spielt gerne Ballsport. Interessiert sich für japanische Unterhaltungsmedien. Findet administrative Aufgaben wenig ansprechend.
A11: 10 | B11: Person 10 | C11: Backt gerne und stellt eigene Backwaren her. Fährt gerne Rad. Hat eine spezielle Organisationszuordnung im Arbeitskontext. Praktiziert regelmäßig Yoga. Hat Expertise in einem technischen Fachbereich.
A12: 11 | B12: Person 11 | C12: Besitzt ein mittelgroßes Fahrzeug. Hat zwei Kinder. Fährt gerne Fahrrad. Bevorzugt im Sommer leichte Kleidung. Urlaubsziele liegen bevorzugt im europäischen Raum.
A13: 12 | B13: Person 12 | C13: Kocht leidenschaftlich gerne, mag aber Aufräumarbeiten nicht. Hat mehrere favorisierte Fahrzeugmodelle aus verschiedenen Baureihen. Fotografiert gerne und ist viel unterwegs. Musikgeschmack umfasst elektronische und urbane Musikstile. War häufiger im Ausland als in heimischen Regionen.
